{"cameraMode":{"drawMode":0,"name":"Shaded","section":"Shading Mode"},"sceneLighting":false,"audioPlay":false,"sceneViewState":{"m_AlwaysRefresh":false,"showFog":true,"showSkybox":false,"showFlares":true,"showImageEffects":true,"showParticleSystems":true,"showVisualEffectGraphs":true,"m_FxEnabled":true},"in2DMode":false,"pivot":{"x":-0.0805983692407608,"y":0.23943030834197999,"z":0.04726332426071167},"rotation":{"x":0.0334954559803009,"y":-0.9366570115089417,"z":0.33688119053840639,"w":0.09149283170700073},"size":0.5660253763198853,"orthographic":false}