{"cameraMode":{"drawMode":0,"name":"Shaded","section":"Shading Mode"},"sceneLighting":false,"audioPlay":false,"sceneViewState":{"m_AlwaysRefresh":false,"showFog":true,"showSkybox":false,"showFlares":true,"showImageEffects":true,"showParticleSystems":true,"showVisualEffectGraphs":true,"m_FxEnabled":true},"in2DMode":false,"pivot":{"x":-0.23999999463558198,"y":0.10000000149011612,"z":-0.20000000298023225},"rotation":{"x":-0.15035264194011689,"y":-0.016452642157673837,"z":0.002076062373816967,"w":-0.9887857437133789},"size":2.700017213821411,"orthographic":false}