{"cameraMode":{"drawMode":0,"name":"Shaded","section":"Shading Mode"},"sceneLighting":false,"audioPlay":false,"sceneViewState":{"m_AlwaysRefresh":false,"showFog":true,"showSkybox":false,"showFlares":true,"showImageEffects":true,"showParticleSystems":true,"showVisualEffectGraphs":true,"m_FxEnabled":true},"in2DMode":false,"pivot":{"x":0.8630284070968628,"y":2.9408488273620607,"z":-3.4240736961364748},"rotation":{"x":-0.04883473366498947,"y":-0.9504765272140503,"z":0.2350149154663086,"w":-0.19751231372356416},"size":0.3054647743701935,"orthographic":false}