{"cameraMode":{"drawMode":0,"name":"Shaded","section":"Shading Mode"},"sceneLighting":false,"audioPlay":false,"sceneViewState":{"m_AlwaysRefresh":false,"showFog":true,"showSkybox":false,"showFlares":true,"showImageEffects":true,"showParticleSystems":true,"showVisualEffectGraphs":true,"m_FxEnabled":true},"in2DMode":false,"pivot":{"x":0.18457388877868653,"y":1.0234427452087403,"z":-0.15000224113464356},"rotation":{"x":0.22533351182937623,"y":0.03068440407514572,"z":-0.007099808659404516,"w":0.9737786054611206},"size":5.359170913696289,"orthographic":false}