{"cameraMode":{"drawMode":0,"name":"Shaded","section":"Shading Mode"},"sceneLighting":false,"audioPlay":false,"sceneViewState":{"m_AlwaysRefresh":false,"showFog":true,"showSkybox":false,"showFlares":true,"showImageEffects":true,"showParticleSystems":true,"showVisualEffectGraphs":true,"m_FxEnabled":true},"in2DMode":false,"pivot":{"x":-4.76837158203125e-7,"y":0.3143220543861389,"z":-0.5599994659423828},"rotation":{"x":0.37127313017845156,"y":-0.009748993441462517,"z":0.0038993663620203735,"w":0.9284727573394775},"size":4.907024383544922,"orthographic":false}