{"cameraMode":{"drawMode":0,"name":"Shaded","section":"Shading Mode"},"sceneLighting":false,"audioPlay":false,"sceneViewState":{"m_AlwaysRefresh":false,"showFog":true,"showSkybox":false,"showFlares":true,"showImageEffects":true,"showParticleSystems":true,"showVisualEffectGraphs":true,"m_FxEnabled":true},"in2DMode":false,"pivot":{"x":0.04856669902801514,"y":0.051472365856170657,"z":1.2745674848556519},"rotation":{"x":0.384660542011261,"y":0.04843582585453987,"z":-0.020201684907078744,"w":0.9216053485870361},"size":2.1701500415802,"orthographic":false}