{"cameraMode":{"drawMode":0,"name":"Shaded","section":"Shading Mode"},"sceneLighting":false,"audioPlay":false,"sceneViewState":{"m_AlwaysRefresh":false,"showFog":true,"showSkybox":false,"showFlares":true,"showImageEffects":true,"showParticleSystems":true,"showVisualEffectGraphs":true,"m_FxEnabled":true},"in2DMode":false,"pivot":{"x":807.49609375,"y":1132.9859619140625,"z":153.33099365234376},"rotation":{"x":0.043478384613990787,"y":0.019773447886109353,"z":-0.0008974631200544536,"w":0.9988864660263062},"size":1184.5670166015625,"orthographic":false}