{"cameraMode":{"drawMode":0,"name":"Shaded","section":"Shading Mode"},"sceneLighting":false,"audioPlay":false,"sceneViewState":{"m_AlwaysRefresh":false,"showFog":true,"showSkybox":false,"showFlares":true,"showImageEffects":true,"showParticleSystems":true,"showVisualEffectGraphs":true,"m_FxEnabled":true},"in2DMode":false,"pivot":{"x":1.6964513063430787,"y":0.41300010681152346,"z":-1.0596879720687867},"rotation":{"x":0.3112160265445709,"y":0.115093894302845,"z":-0.03800313547253609,"w":0.9426012635231018},"size":3.2753794193267824,"orthographic":false}