{"cameraMode":{"drawMode":0,"name":"Shaded","section":"Shading Mode"},"sceneLighting":false,"audioPlay":false,"sceneViewState":{"m_AlwaysRefresh":false,"showFog":true,"showSkybox":false,"showFlares":true,"showImageEffects":true,"showParticleSystems":true,"showVisualEffectGraphs":true,"m_FxEnabled":true},"in2DMode":false,"pivot":{"x":-2.1634368896484377,"y":5.534457206726074,"z":-3.3647260665893556},"rotation":{"x":0.021990254521369935,"y":-0.9757196307182312,"z":0.11647338420152664,"w":0.18421925604343415},"size":5.577897548675537,"orthographic":false}