{"cameraMode":{"drawMode":0,"name":"Shaded","section":"Shading Mode"},"sceneLighting":false,"audioPlay":false,"sceneViewState":{"m_AlwaysRefresh":false,"showFog":true,"showSkybox":false,"showFlares":true,"showImageEffects":true,"showParticleSystems":true,"showVisualEffectGraphs":true,"m_FxEnabled":true},"in2DMode":false,"pivot":{"x":0.1603919267654419,"y":5.092161655426025,"z":0.06924200057983399},"rotation":{"x":-0.0047308006323874,"y":-0.9933274984359741,"z":0.10650213062763214,"w":-0.04412592947483063},"size":3.947871446609497,"orthographic":false}