{"cameraMode":{"drawMode":0,"name":"Shaded","section":"Shading Mode"},"sceneLighting":false,"audioPlay":false,"sceneViewState":{"m_AlwaysRefresh":false,"showFog":true,"showSkybox":false,"showFlares":true,"showImageEffects":true,"showParticleSystems":true,"showVisualEffectGraphs":true,"m_FxEnabled":true},"in2DMode":false,"pivot":{"x":0.00006830692291259766,"y":-0.033339738845825198,"z":0.031662166118621829},"rotation":{"x":0.16735166311264039,"y":-0.20394498109817506,"z":0.035402096807956699,"w":0.9639377593994141},"size":1.5818780660629273,"orthographic":false}