{"cameraMode":{"drawMode":0,"name":"Shaded","section":"Shading Mode"},"sceneLighting":false,"audioPlay":false,"sceneViewState":{"m_AlwaysRefresh":false,"showFog":true,"showSkybox":false,"showFlares":true,"showImageEffects":true,"showParticleSystems":true,"showVisualEffectGraphs":true,"m_FxEnabled":true},"in2DMode":false,"pivot":{"x":-1.0751242637634278,"y":6.2354254722595219,"z":-0.3059123754501343},"rotation":{"x":-0.0007037409814074636,"y":-0.9947538375854492,"z":0.10212937742471695,"w":-0.006857135333120823},"size":4.64418363571167,"orthographic":false}