{"cameraMode":{"drawMode":0,"name":"Shaded","section":"Shading Mode"},"sceneLighting":false,"audioPlay":false,"sceneViewState":{"m_AlwaysRefresh":false,"showFog":true,"showSkybox":false,"showFlares":true,"showImageEffects":true,"showParticleSystems":true,"showVisualEffectGraphs":true,"m_FxEnabled":true},"in2DMode":false,"pivot":{"x":0.03099999949336052,"y":1.9910000562667847,"z":-6.638000011444092},"rotation":{"x":0.3218197226524353,"y":0.04036721587181091,"z":-0.013742438517510891,"w":0.9460487365722656},"size":0.2660253643989563,"orthographic":false}