{"cameraMode":{"drawMode":0,"name":"Shaded","section":"Shading Mode"},"sceneLighting":false,"audioPlay":false,"sceneViewState":{"m_AlwaysRefresh":false,"showFog":true,"showSkybox":false,"showFlares":true,"showImageEffects":true,"showParticleSystems":true,"showVisualEffectGraphs":true,"m_FxEnabled":true},"in2DMode":false,"pivot":{"x":-0.13180112838745118,"y":0.16738831996917725,"z":-0.06721723079681397},"rotation":{"x":0.062359556555747989,"y":-0.005985334515571594,"z":0.0003910080704372376,"w":0.9980730414390564},"size":1.3699402809143067,"orthographic":false}