{"cameraMode":{"drawMode":0,"name":"Shaded","section":"Shading Mode"},"sceneLighting":false,"audioPlay":false,"sceneViewState":{"m_AlwaysRefresh":false,"showFog":true,"showSkybox":false,"showFlares":true,"showImageEffects":true,"showParticleSystems":true,"showVisualEffectGraphs":true,"m_FxEnabled":true},"in2DMode":false,"pivot":{"x":-0.013065338134765625,"y":0.05318733677268028,"z":0.003911003470420837},"rotation":{"x":0.384660542011261,"y":0.04843582585453987,"z":-0.020201684907078744,"w":0.9216053485870361},"size":1.199596881866455,"orthographic":false}