{"cameraMode":{"drawMode":0,"name":"Shaded","section":"Shading Mode"},"sceneLighting":false,"audioPlay":false,"sceneViewState":{"m_AlwaysRefresh":false,"showFog":true,"showSkybox":false,"showFlares":true,"showImageEffects":true,"showParticleSystems":true,"showVisualEffectGraphs":true,"m_FxEnabled":true},"in2DMode":false,"pivot":{"x":0.022779058665037156,"y":-0.0064508914947509769,"z":0.562512993812561},"rotation":{"x":0.36990973353385928,"y":-0.0027793850749731066,"z":0.0011238103033974767,"w":0.9291027188301086},"size":2.400017261505127,"orthographic":false}