{"cameraMode":{"drawMode":0,"name":"Shaded","section":"Shading Mode"},"sceneLighting":false,"audioPlay":false,"sceneViewState":{"m_AlwaysRefresh":false,"showFog":true,"showSkybox":false,"showFlares":true,"showImageEffects":true,"showParticleSystems":true,"showVisualEffectGraphs":true,"m_FxEnabled":true},"in2DMode":false,"pivot":{"x":0.1494176685810089,"y":1.6601524353027344,"z":-0.06472134590148926},"rotation":{"x":0.011104725301265717,"y":-0.007572005037218332,"z":-0.0004658258694689721,"w":-1.0001949071884156},"size":2.3828868865966799,"orthographic":false}