{"cameraMode":{"drawMode":0,"name":"Shaded","section":"Shading Mode"},"sceneLighting":false,"audioPlay":false,"sceneViewState":{"m_AlwaysRefresh":false,"showFog":true,"showSkybox":false,"showFlares":true,"showImageEffects":true,"showParticleSystems":true,"showVisualEffectGraphs":true,"m_FxEnabled":true},"in2DMode":false,"pivot":{"x":1.3605806827545167,"y":1.5011992454528809,"z":-0.36768007278442385},"rotation":{"x":0.062359556555747989,"y":-0.005985334515571594,"z":0.0003910080704372376,"w":0.9980730414390564},"size":6.884372234344482,"orthographic":false}