{"cameraMode":{"drawMode":0,"name":"Shaded","section":"Shading Mode"},"sceneLighting":false,"audioPlay":false,"sceneViewState":{"m_AlwaysRefresh":false,"showFog":true,"showSkybox":false,"showFlares":true,"showImageEffects":true,"showParticleSystems":true,"showVisualEffectGraphs":true,"m_FxEnabled":true},"in2DMode":false,"pivot":{"x":5.309999942779541,"y":0.9570000171661377,"z":2.00600004196167},"rotation":{"x":0.18723443150520326,"y":-0.023573510348796846,"z":0.004489452578127384,"w":0.9820371270179749},"size":1.8000173568725587,"orthographic":false}