{"cameraMode":{"drawMode":0,"name":"Shaded","section":"Shading Mode"},"sceneLighting":false,"audioPlay":false,"sceneViewState":{"m_AlwaysRefresh":false,"showFog":true,"showSkybox":false,"showFlares":true,"showImageEffects":true,"showParticleSystems":true,"showVisualEffectGraphs":true,"m_FxEnabled":true},"in2DMode":false,"pivot":{"x":-0.029999971389770509,"y":1.2454800605773926,"z":-0.6600000858306885},"rotation":{"x":0.2896747291088104,"y":0.026121836155653,"z":-0.007908870466053486,"w":0.9567350745201111},"size":2.1734912395477297,"orthographic":false}