{"cameraMode":{"drawMode":0,"name":"Shaded","section":"Shading Mode"},"sceneLighting":false,"audioPlay":false,"sceneViewState":{"m_AlwaysRefresh":false,"showFog":true,"showSkybox":false,"showFlares":true,"showImageEffects":true,"showParticleSystems":true,"showVisualEffectGraphs":true,"m_FxEnabled":true},"in2DMode":false,"pivot":{"x":0.01938760280609131,"y":0.00012946128845214844,"z":0.20883631706237794},"rotation":{"x":0.3024681806564331,"y":0.4317115247249603,"z":-0.156301349401474,"w":0.8353337645530701},"size":2.911539077758789,"orthographic":false}