{"cameraMode":{"drawMode":0,"name":"Shaded","section":"Shading Mode"},"sceneLighting":false,"audioPlay":false,"sceneViewState":{"m_AlwaysRefresh":false,"showFog":true,"showSkybox":false,"showFlares":true,"showImageEffects":true,"showParticleSystems":true,"showVisualEffectGraphs":true,"m_FxEnabled":true},"in2DMode":false,"pivot":{"x":0.07272005081176758,"y":0.0030328035354614259,"z":0.07075154781341553},"rotation":{"x":0.003792069386690855,"y":0.9957285523414612,"z":0.08082638680934906,"w":-0.04602059721946716},"size":2.6508114337921144,"orthographic":false}