{"cameraMode":{"drawMode":0,"name":"Shaded","section":"Shading Mode"},"sceneLighting":false,"audioPlay":false,"sceneViewState":{"m_AlwaysRefresh":false,"showFog":true,"showSkybox":false,"showFlares":true,"showImageEffects":true,"showParticleSystems":true,"showVisualEffectGraphs":true,"m_FxEnabled":true},"in2DMode":false,"pivot":{"x":0.21236705780029298,"y":0.0005025565624237061,"z":2.2646772861480715},"rotation":{"x":-0.2339610457420349,"y":-0.04462001845240593,"z":0.010742587968707085,"w":-0.9711900353431702},"size":5.431297302246094,"orthographic":false}