{"cameraMode":{"drawMode":0,"name":"Shaded","section":"Shading Mode"},"sceneLighting":false,"audioPlay":false,"sceneViewState":{"m_AlwaysRefresh":false,"showFog":true,"showSkybox":false,"showFlares":true,"showImageEffects":true,"showParticleSystems":true,"showVisualEffectGraphs":true,"m_FxEnabled":true},"in2DMode":false,"pivot":{"x":-0.004986882209777832,"y":0.858019232749939,"z":0.2252793312072754},"rotation":{"x":-0.14832614362239839,"y":-0.08905177563428879,"z":0.012869168072938919,"w":-0.9851255416870117},"size":4.476716995239258,"orthographic":false}