{"cameraMode":{"drawMode":0,"name":"Shaded","section":"Shading Mode"},"sceneLighting":false,"audioPlay":false,"sceneViewState":{"m_AlwaysRefresh":false,"showFog":true,"showSkybox":false,"showFlares":true,"showImageEffects":true,"showParticleSystems":true,"showVisualEffectGraphs":true,"m_FxEnabled":true},"in2DMode":false,"pivot":{"x":47.33540344238281,"y":60.75871276855469,"z":27.731964111328126},"rotation":{"x":0.11333166807889939,"y":0.06799200177192688,"z":-0.017872802913188936,"w":0.9910507798194885},"size":174.7982177734375,"orthographic":false}