{"cameraMode":{"drawMode":0,"name":"Shaded","section":"Shading Mode"},"sceneLighting":false,"audioPlay":false,"sceneViewState":{"m_AlwaysRefresh":false,"showFog":true,"showSkybox":false,"showFlares":true,"showImageEffects":true,"showParticleSystems":true,"showVisualEffectGraphs":true,"m_FxEnabled":true},"in2DMode":false,"pivot":{"x":-0.5616752505302429,"y":3.2894136905670168,"z":0.8274120092391968},"rotation":{"x":0.10115253925323487,"y":-0.03813677281141281,"z":0.0041180988773703579,"w":0.9942945241928101},"size":4.589259624481201,"orthographic":false}