{"cameraMode":{"drawMode":0,"name":"Shaded","section":"Shading Mode"},"sceneLighting":false,"audioPlay":false,"sceneViewState":{"m_AlwaysRefresh":false,"showFog":true,"showSkybox":false,"showFlares":true,"showImageEffects":true,"showParticleSystems":true,"showVisualEffectGraphs":true,"m_FxEnabled":true},"in2DMode":false,"pivot":{"x":43.83087158203125,"y":102.29612731933594,"z":-150.42481994628907},"rotation":{"x":0.2398795485496521,"y":-0.03670702874660492,"z":-0.0012388268951326609,"w":0.9700908660888672},"size":258.18450927734377,"orthographic":false}