{"cameraMode":{"drawMode":0,"name":"Shaded","section":"Shading Mode"},"sceneLighting":false,"audioPlay":false,"sceneViewState":{"m_AlwaysRefresh":false,"showFog":true,"showSkybox":false,"showFlares":true,"showImageEffects":true,"showParticleSystems":true,"showVisualEffectGraphs":true,"m_FxEnabled":true},"in2DMode":false,"pivot":{"x":-0.3048384189605713,"y":-0.04577231407165527,"z":0.08505368232727051},"rotation":{"x":0.21787597239017487,"y":0.04829582944512367,"z":-0.01078265905380249,"w":0.9747759699821472},"size":4.388710975646973,"orthographic":false}