{"cameraMode":{"drawMode":0,"name":"Shaded","section":"Shading Mode"},"sceneLighting":false,"audioPlay":false,"sceneViewState":{"m_AlwaysRefresh":false,"showFog":true,"showSkybox":false,"showFlares":true,"showImageEffects":true,"showParticleSystems":true,"showVisualEffectGraphs":true,"m_FxEnabled":true},"in2DMode":false,"pivot":{"x":402.65435791015627,"y":613.0215454101563,"z":0.090087890625},"rotation":{"x":-0.005394606851041317,"y":0.0044243717566132549,"z":-0.0003962202463299036,"w":-1.0002614259719849},"size":414.13629150390627,"orthographic":false}