{"cameraMode":{"drawMode":0,"name":"Shaded","section":"Shading Mode"},"sceneLighting":false,"audioPlay":false,"sceneViewState":{"m_AlwaysRefresh":false,"showFog":true,"showSkybox":false,"showFlares":true,"showImageEffects":true,"showParticleSystems":true,"showVisualEffectGraphs":true,"m_FxEnabled":true},"in2DMode":false,"pivot":{"x":0.8560252785682678,"y":2.157635450363159,"z":-4.209965705871582},"rotation":{"x":0.11591824144124985,"y":0.061047106981277469,"z":-0.007143564987927675,"w":0.9913758635520935},"size":0.2598077654838562,"orthographic":false}