{"cameraMode":{"drawMode":0,"name":"Shaded","section":"Shading Mode"},"sceneLighting":false,"audioPlay":false,"sceneViewState":{"m_AlwaysRefresh":false,"showFog":true,"showSkybox":false,"showFlares":true,"showImageEffects":true,"showParticleSystems":true,"showVisualEffectGraphs":true,"m_FxEnabled":true},"in2DMode":false,"pivot":{"x":0.06900323927402497,"y":0.15937983989715577,"z":-0.06159774959087372},"rotation":{"x":0.366617351770401,"y":0.04882074147462845,"z":-0.019252929836511613,"w":0.9289304614067078},"size":0.9598372578620911,"orthographic":false}