{"cameraMode":{"drawMode":0,"name":"Shaded","section":"Shading Mode"},"sceneLighting":false,"audioPlay":false,"sceneViewState":{"m_AlwaysRefresh":false,"showFog":true,"showSkybox":false,"showFlares":true,"showImageEffects":true,"showParticleSystems":true,"showVisualEffectGraphs":true,"m_FxEnabled":true},"in2DMode":false,"pivot":{"x":3.556485176086426,"y":0.5570000410079956,"z":-1.1843219995498658},"rotation":{"x":0.020393867045640947,"y":0.01863701455295086,"z":-0.00026671355590224266,"w":0.9997700452804565},"size":1.8446342945098878,"orthographic":false}