{"cameraMode":{"drawMode":0,"name":"Shaded","section":"Shading Mode"},"sceneLighting":false,"audioPlay":false,"sceneViewState":{"m_AlwaysRefresh":false,"showFog":true,"showSkybox":false,"showFlares":true,"showImageEffects":true,"showParticleSystems":true,"showVisualEffectGraphs":true,"m_FxEnabled":true},"in2DMode":false,"pivot":{"x":-3.9726028442382814,"y":86.25213623046875,"z":45.17242431640625},"rotation":{"x":0.2398795485496521,"y":-0.03670702874660492,"z":-0.0012388268951326609,"w":0.9700908660888672},"size":499.6995544433594,"orthographic":false}