{"cameraMode":{"drawMode":0,"name":"Shaded","section":"Shading Mode"},"sceneLighting":false,"audioPlay":false,"sceneViewState":{"m_AlwaysRefresh":false,"showFog":true,"showSkybox":false,"showFlares":true,"showImageEffects":true,"showParticleSystems":true,"showVisualEffectGraphs":true,"m_FxEnabled":true},"in2DMode":false,"pivot":{"x":-0.33281898498535159,"y":4.464409828186035,"z":0.3334951400756836},"rotation":{"x":0.384660542011261,"y":0.04843582585453987,"z":-0.020201684907078744,"w":0.9216053485870361},"size":6.2595295906066898,"orthographic":false}