{"cameraMode":{"drawMode":0,"name":"Shaded","section":"Shading Mode"},"sceneLighting":false,"audioPlay":false,"sceneViewState":{"m_AlwaysRefresh":false,"showFog":true,"showSkybox":false,"showFlares":true,"showImageEffects":true,"showParticleSystems":true,"showVisualEffectGraphs":true,"m_FxEnabled":true},"in2DMode":false,"pivot":{"x":-0.0015881061553955079,"y":0.5279558897018433,"z":0.017440319061279298},"rotation":{"x":0.2896747291088104,"y":0.026121836155653,"z":-0.007908870466053486,"w":0.9567350745201111},"size":3.2485909461975099,"orthographic":false}