{"cameraMode":{"drawMode":0,"name":"Shaded","section":"Shading Mode"},"sceneLighting":false,"audioPlay":false,"sceneViewState":{"m_AlwaysRefresh":false,"showFog":true,"showSkybox":false,"showFlares":true,"showImageEffects":true,"showParticleSystems":true,"showVisualEffectGraphs":true,"m_FxEnabled":true},"in2DMode":false,"pivot":{"x":-0.05024397373199463,"y":-0.0972784161567688,"z":-0.028126180171966554},"rotation":{"x":0.1346084326505661,"y":0.11271282285451889,"z":-0.01539580337703228,"w":0.9843849539756775},"size":1.6526515483856202,"orthographic":false}