{"cameraMode":{"drawMode":0,"name":"Shaded","section":"Shading Mode"},"sceneLighting":false,"audioPlay":false,"sceneViewState":{"m_AlwaysRefresh":false,"showFog":true,"showSkybox":false,"showFlares":true,"showImageEffects":true,"showParticleSystems":true,"showVisualEffectGraphs":true,"m_FxEnabled":true},"in2DMode":false,"pivot":{"x":-0.2877439856529236,"y":-0.06163036823272705,"z":-0.4197450578212738},"rotation":{"x":0.003792069386690855,"y":0.9957285523414612,"z":0.08082638680934906,"w":-0.04602059721946716},"size":1.3411595821380616,"orthographic":false}