{"cameraMode":{"drawMode":0,"name":"Shaded","section":"Shading Mode"},"sceneLighting":false,"audioPlay":false,"sceneViewState":{"m_AlwaysRefresh":false,"showFog":true,"showSkybox":false,"showFlares":true,"showImageEffects":true,"showParticleSystems":true,"showVisualEffectGraphs":true,"m_FxEnabled":true},"in2DMode":false,"pivot":{"x":0.27677828073501589,"y":0.06702995300292969,"z":-2.078066110610962},"rotation":{"x":0.5540964603424072,"y":0.01748988777399063,"z":-0.011625934392213822,"w":0.8322319984436035},"size":3.79194974899292,"orthographic":false}