{"cameraMode":{"drawMode":0,"name":"Shaded","section":"Shading Mode"},"sceneLighting":false,"audioPlay":false,"sceneViewState":{"m_AlwaysRefresh":false,"showFog":true,"showSkybox":false,"showFlares":true,"showImageEffects":true,"showParticleSystems":true,"showVisualEffectGraphs":true,"m_FxEnabled":true},"in2DMode":false,"pivot":{"x":24.762298583984376,"y":72.08959197998047,"z":31.00341796875},"rotation":{"x":-0.005997462663799524,"y":0.03628712520003319,"z":0.00018094507686328143,"w":0.9993534088134766},"size":476.24652099609377,"orthographic":false}