{"cameraMode":{"drawMode":0,"name":"Shaded","section":"Shading Mode"},"sceneLighting":false,"audioPlay":false,"sceneViewState":{"m_AlwaysRefresh":false,"showFog":true,"showSkybox":false,"showFlares":true,"showImageEffects":true,"showParticleSystems":true,"showVisualEffectGraphs":true,"m_FxEnabled":true},"in2DMode":false,"pivot":{"x":-0.0765523910522461,"y":0.03764057159423828,"z":-0.0044751763343811039},"rotation":{"x":0.35083213448524477,"y":-0.013768380507826805,"z":0.005159011576324701,"w":0.9363230466842651},"size":3.516855239868164,"orthographic":false}