{"cameraMode":{"drawMode":0,"name":"Shaded","section":"Shading Mode"},"sceneLighting":false,"audioPlay":false,"sceneViewState":{"m_AlwaysRefresh":false,"showFog":true,"showSkybox":false,"showFlares":true,"showImageEffects":true,"showParticleSystems":true,"showVisualEffectGraphs":true,"m_FxEnabled":true},"in2DMode":false,"pivot":{"x":0.13568894565105439,"y":-0.3312532901763916,"z":-0.07824516296386719},"rotation":{"x":0.37127313017845156,"y":-0.009748993441462517,"z":0.0038993663620203735,"w":0.9284727573394775},"size":3.9645907878875734,"orthographic":false}