{"cameraMode":{"drawMode":0,"name":"Shaded","section":"Shading Mode"},"sceneLighting":false,"audioPlay":false,"sceneViewState":{"m_AlwaysRefresh":false,"showFog":true,"showSkybox":false,"showFlares":true,"showImageEffects":true,"showParticleSystems":true,"showVisualEffectGraphs":true,"m_FxEnabled":true},"in2DMode":false,"pivot":{"x":0.04415065050125122,"y":-0.14656031131744386,"z":-0.2968456745147705},"rotation":{"x":0.10980811715126038,"y":0.1808527559041977,"z":-0.020305104553699495,"w":0.9771882891654968},"size":1.0433180332183838,"orthographic":false}