{"cameraMode":{"drawMode":0,"name":"Shaded","section":"Shading Mode"},"sceneLighting":false,"audioPlay":false,"sceneViewState":{"m_AlwaysRefresh":false,"showFog":true,"showSkybox":false,"showFlares":true,"showImageEffects":true,"showParticleSystems":true,"showVisualEffectGraphs":true,"m_FxEnabled":true},"in2DMode":false,"pivot":{"x":0.12718677520751954,"y":0.8552648425102234,"z":0.23512625694274903},"rotation":{"x":-0.11164169013500214,"y":0.02671414613723755,"z":-0.0034371656365692617,"w":-0.9936742782592773},"size":4.901051044464111,"orthographic":false}