{"cameraMode":{"drawMode":0,"name":"Shaded","section":"Shading Mode"},"sceneLighting":false,"audioPlay":false,"sceneViewState":{"m_AlwaysRefresh":false,"showFog":true,"showSkybox":false,"showFlares":true,"showImageEffects":true,"showParticleSystems":true,"showVisualEffectGraphs":true,"m_FxEnabled":true},"in2DMode":false,"pivot":{"x":0.32201337814331057,"y":1.102628469467163,"z":0.511103630065918},"rotation":{"x":-0.11164169013500214,"y":0.02671414613723755,"z":-0.0034371656365692617,"w":-0.9936742782592773},"size":6.138197898864746,"orthographic":false}