{"cameraMode":{"drawMode":0,"name":"Shaded","section":"Shading Mode"},"sceneLighting":false,"audioPlay":false,"sceneViewState":{"m_AlwaysRefresh":false,"showFog":true,"showSkybox":false,"showFlares":true,"showImageEffects":true,"showParticleSystems":true,"showVisualEffectGraphs":true,"m_FxEnabled":true},"in2DMode":false,"pivot":{"x":-0.2860250473022461,"y":0.11387825012207031,"z":0.10895276069641113},"rotation":{"x":0.3112160265445709,"y":0.115093894302845,"z":-0.03800313547253609,"w":0.9426012635231018},"size":12.723312377929688,"orthographic":false}