{"cameraMode":{"drawMode":0,"name":"Shaded","section":"Shading Mode"},"sceneLighting":false,"audioPlay":false,"sceneViewState":{"m_AlwaysRefresh":false,"showFog":true,"showSkybox":false,"showFlares":true,"showImageEffects":true,"showParticleSystems":true,"showVisualEffectGraphs":true,"m_FxEnabled":true},"in2DMode":false,"pivot":{"x":-1.0942691564559937,"y":3.767523765563965,"z":-3.6678099632263185},"rotation":{"x":-0.0007037409814074636,"y":-0.9947538375854492,"z":0.10212937742471695,"w":-0.006857135333120823},"size":6.421651363372803,"orthographic":false}