{"cameraMode":{"drawMode":0,"name":"Shaded","section":"Shading Mode"},"sceneLighting":false,"audioPlay":false,"sceneViewState":{"m_AlwaysRefresh":false,"showFog":true,"showSkybox":false,"showFlares":true,"showImageEffects":true,"showParticleSystems":true,"showVisualEffectGraphs":true,"m_FxEnabled":true},"in2DMode":false,"pivot":{"x":636.9158935546875,"y":1151.738525390625,"z":0.8536834716796875},"rotation":{"x":0.13164323568344117,"y":-0.011507737450301648,"z":0.0010660717962309719,"w":0.9912615418434143},"size":263.013916015625,"orthographic":false}