{"cameraMode":{"drawMode":0,"name":"Shaded","section":"Shading Mode"},"sceneLighting":false,"audioPlay":false,"sceneViewState":{"m_AlwaysRefresh":false,"showFog":true,"showSkybox":false,"showFlares":true,"showImageEffects":true,"showParticleSystems":true,"showVisualEffectGraphs":true,"m_FxEnabled":true},"in2DMode":false,"pivot":{"x":-0.06731820106506348,"y":0.2094588279724121,"z":0.31934261322021487},"rotation":{"x":-0.2528913617134094,"y":-0.5728048086166382,"z":0.20590291917324067,"w":-0.7520346641540527},"size":4.087953090667725,"orthographic":false}