{"cameraMode":{"drawMode":0,"name":"Shaded","section":"Shading Mode"},"sceneLighting":false,"audioPlay":false,"sceneViewState":{"m_AlwaysRefresh":false,"showFog":true,"showSkybox":false,"showFlares":true,"showImageEffects":true,"showParticleSystems":true,"showVisualEffectGraphs":true,"m_FxEnabled":true},"in2DMode":false,"pivot":{"x":-0.0013272762298583985,"y":0.34716224670410159,"z":-0.0001285076141357422},"rotation":{"x":0.11860557645559311,"y":0.6511529684066773,"z":-0.10399554669857025,"w":0.7424128651618958},"size":3.9073896408081056,"orthographic":false}