{"cameraMode":{"drawMode":0,"name":"Shaded","section":"Shading Mode"},"sceneLighting":false,"audioPlay":false,"sceneViewState":{"m_AlwaysRefresh":false,"showFog":true,"showSkybox":false,"showFlares":true,"showImageEffects":true,"showParticleSystems":true,"showVisualEffectGraphs":true,"m_FxEnabled":true},"in2DMode":false,"pivot":{"x":-0.03871798515319824,"y":0.829376220703125,"z":-0.02403092384338379},"rotation":{"x":-0.14832614362239839,"y":-0.08905177563428879,"z":0.012869168072938919,"w":-0.9851255416870117},"size":4.898083686828613,"orthographic":false}