{"cameraMode":{"drawMode":0,"name":"Shaded","section":"Shading Mode"},"sceneLighting":false,"audioPlay":false,"sceneViewState":{"m_AlwaysRefresh":false,"showFog":true,"showSkybox":false,"showFlares":true,"showImageEffects":true,"showParticleSystems":true,"showVisualEffectGraphs":true,"m_FxEnabled":true},"in2DMode":false,"pivot":{"x":0.01656937599182129,"y":0.31607794761657717,"z":0.029027700424194337},"rotation":{"x":0.2896747291088104,"y":0.026121836155653,"z":-0.007908870466053486,"w":0.9567350745201111},"size":3.273972988128662,"orthographic":false}