{"cameraMode":{"drawMode":0,"name":"Shaded","section":"Shading Mode"},"sceneLighting":false,"audioPlay":false,"sceneViewState":{"m_AlwaysRefresh":false,"showFog":true,"showSkybox":false,"showFlares":true,"showImageEffects":true,"showParticleSystems":true,"showVisualEffectGraphs":true,"m_FxEnabled":true},"in2DMode":false,"pivot":{"x":0.0322575569152832,"y":0.09730207920074463,"z":-0.08644121885299683},"rotation":{"x":0.384660542011261,"y":0.04843582585453987,"z":-0.020201684907078744,"w":0.9216053485870361},"size":1.8605990409851075,"orthographic":false}