{"cameraMode":{"drawMode":0,"name":"Shaded","section":"Shading Mode"},"sceneLighting":false,"audioPlay":false,"sceneViewState":{"m_AlwaysRefresh":false,"showFog":true,"showSkybox":false,"showFlares":true,"showImageEffects":true,"showParticleSystems":true,"showVisualEffectGraphs":true,"m_FxEnabled":true},"in2DMode":false,"pivot":{"x":0.34000062942504885,"y":0.8305808305740356,"z":-0.6900002956390381},"rotation":{"x":0.299178808927536,"y":0.020036403089761735,"z":-0.006283734925091267,"w":0.9539735317230225},"size":5.176894664764404,"orthographic":false}