{"cameraMode":{"drawMode":0,"name":"Shaded","section":"Shading Mode"},"sceneLighting":false,"audioPlay":false,"sceneViewState":{"m_AlwaysRefresh":false,"showFog":true,"showSkybox":false,"showFlares":true,"showImageEffects":true,"showParticleSystems":true,"showVisualEffectGraphs":true,"m_FxEnabled":true},"in2DMode":false,"pivot":{"x":0.1048349142074585,"y":0.49598249793052676,"z":-0.01152944564819336},"rotation":{"x":0.5540964603424072,"y":0.01748988777399063,"z":-0.011625934392213822,"w":0.8322319984436035},"size":1.7230771780014039,"orthographic":false}