{"cameraMode":{"drawMode":0,"name":"Shaded","section":"Shading Mode"},"sceneLighting":false,"audioPlay":false,"sceneViewState":{"m_AlwaysRefresh":false,"showFog":true,"showSkybox":false,"showFlares":true,"showImageEffects":true,"showParticleSystems":true,"showVisualEffectGraphs":true,"m_FxEnabled":true},"in2DMode":false,"pivot":{"x":371.83868408203127,"y":678.6400146484375,"z":-3.691497802734375},"rotation":{"x":-0.005394606851041317,"y":0.0044243717566132549,"z":-0.0003962202463299036,"w":-1.0002614259719849},"size":298.61767578125,"orthographic":false}