{"cameraMode":{"drawMode":0,"name":"Shaded","section":"Shading Mode"},"sceneLighting":false,"audioPlay":false,"sceneViewState":{"m_AlwaysRefresh":false,"showFog":true,"showSkybox":false,"showFlares":true,"showImageEffects":true,"showParticleSystems":true,"showVisualEffectGraphs":true,"m_FxEnabled":true},"in2DMode":false,"pivot":{"x":1.388542652130127,"y":-0.00005137920379638672,"z":0.000041365623474121094},"rotation":{"x":-0.24006879329681397,"y":0.1051684245467186,"z":-0.026184920221567155,"w":-0.9647123217582703},"size":2.2163515090942385,"orthographic":false}