{"cameraMode":{"drawMode":0,"name":"Shaded","section":"Shading Mode"},"sceneLighting":false,"audioPlay":false,"sceneViewState":{"m_AlwaysRefresh":false,"showFog":true,"showSkybox":false,"showFlares":true,"showImageEffects":true,"showParticleSystems":true,"showVisualEffectGraphs":true,"m_FxEnabled":true},"in2DMode":false,"pivot":{"x":-0.7189822196960449,"y":-0.5299263000488281,"z":0.7445855736732483},"rotation":{"x":-0.01382595207542181,"y":0.6930835247039795,"z":-0.7206568121910095,"w":-0.013330092653632164},"size":3.1751935482025148,"orthographic":false}