{"cameraMode":{"drawMode":0,"name":"Shaded","section":"Shading Mode"},"sceneLighting":false,"audioPlay":false,"sceneViewState":{"m_AlwaysRefresh":false,"showFog":true,"showSkybox":false,"showFlares":true,"showImageEffects":true,"showParticleSystems":true,"showVisualEffectGraphs":true,"m_FxEnabled":true},"in2DMode":false,"pivot":{"x":1.2689095735549927,"y":0.6922539472579956,"z":1.5626838207244874},"rotation":{"x":0.5540964603424072,"y":0.01748988777399063,"z":-0.011625934392213822,"w":0.8322319984436035},"size":0.7960351705551148,"orthographic":false}