{"cameraMode":{"drawMode":0,"name":"Shaded","section":"Shading Mode"},"sceneLighting":false,"audioPlay":false,"sceneViewState":{"m_AlwaysRefresh":false,"showFog":true,"showSkybox":false,"showFlares":true,"showImageEffects":true,"showParticleSystems":true,"showVisualEffectGraphs":true,"m_FxEnabled":true},"in2DMode":false,"pivot":{"x":-0.05586886405944824,"y":2.0666146278381349,"z":0.21670174598693849},"rotation":{"x":-0.11164169013500214,"y":0.02671414613723755,"z":-0.0034371656365692617,"w":-0.9936742782592773},"size":4.2063775062561039,"orthographic":false}