{"cameraMode":{"drawMode":0,"name":"Shaded","section":"Shading Mode"},"sceneLighting":false,"audioPlay":false,"sceneViewState":{"m_AlwaysRefresh":false,"showFog":true,"showSkybox":false,"showFlares":true,"showImageEffects":true,"showParticleSystems":true,"showVisualEffectGraphs":true,"m_FxEnabled":true},"in2DMode":false,"pivot":{"x":0.007279932498931885,"y":0.10076355934143067,"z":0.00026786327362060547},"rotation":{"x":0.11591824144124985,"y":0.061047106981277469,"z":-0.007143564987927675,"w":0.9913758635520935},"size":1.6101813316345215,"orthographic":false}