{"cameraMode":{"drawMode":0,"name":"Shaded","section":"Shading Mode"},"sceneLighting":false,"audioPlay":false,"sceneViewState":{"m_AlwaysRefresh":false,"showFog":true,"showSkybox":false,"showFlares":true,"showImageEffects":true,"showParticleSystems":true,"showVisualEffectGraphs":true,"m_FxEnabled":true},"in2DMode":false,"pivot":{"x":-0.0949152410030365,"y":5.208643913269043,"z":-1.0139691829681397},"rotation":{"x":0.0020536240190267565,"y":-0.9945763945579529,"z":0.10211117565631867,"w":0.020000463351607324},"size":3.4001870155334474,"orthographic":false}