{"cameraMode":{"drawMode":0,"name":"Shaded","section":"Shading Mode"},"sceneLighting":false,"audioPlay":false,"sceneViewState":{"m_AlwaysRefresh":false,"showFog":true,"showSkybox":false,"showFlares":true,"showImageEffects":true,"showParticleSystems":true,"showVisualEffectGraphs":true,"m_FxEnabled":true},"in2DMode":false,"pivot":{"x":3.5598130226135256,"y":0.5496810674667358,"z":-1.1812201738357545},"rotation":{"x":0.34509605169296267,"y":-0.47046875953674319,"z":0.20672191679477693,"w":0.785388171672821},"size":3.074390172958374,"orthographic":false}