{"cameraMode":{"drawMode":0,"name":"Shaded","section":"Shading Mode"},"sceneLighting":false,"audioPlay":false,"sceneViewState":{"m_AlwaysRefresh":false,"showFog":true,"showSkybox":false,"showFlares":true,"showImageEffects":true,"showParticleSystems":true,"showVisualEffectGraphs":true,"m_FxEnabled":true},"in2DMode":false,"pivot":{"x":-0.036499977111816409,"y":0.9440000057220459,"z":0.7355000972747803},"rotation":{"x":0.270873486995697,"y":-0.576984703540802,"z":0.21087250113487245,"w":0.7411378622055054},"size":3.4255471229553224,"orthographic":false}