{"cameraMode":{"drawMode":0,"name":"Shaded","section":"Shading Mode"},"sceneLighting":false,"audioPlay":false,"sceneViewState":{"m_AlwaysRefresh":false,"showFog":true,"showSkybox":false,"showFlares":true,"showImageEffects":true,"showParticleSystems":true,"showVisualEffectGraphs":true,"m_FxEnabled":true},"in2DMode":false,"pivot":{"x":3.563065528869629,"y":0.5584560632705689,"z":-1.1788694858551026},"rotation":{"x":0.020393867045640947,"y":0.01863701455295086,"z":-0.00026671355590224266,"w":0.9997700452804565},"size":4.27439022064209,"orthographic":false}