{"cameraMode":{"drawMode":0,"name":"Shaded","section":"Shading Mode"},"sceneLighting":false,"audioPlay":false,"sceneViewState":{"m_AlwaysRefresh":false,"showFog":true,"showSkybox":false,"showFlares":true,"showImageEffects":true,"showParticleSystems":true,"showVisualEffectGraphs":true,"m_FxEnabled":true},"in2DMode":false,"pivot":{"x":-0.4374561309814453,"y":0.11803561449050904,"z":0.25339794158935549},"rotation":{"x":0.5540964603424072,"y":0.01748988777399063,"z":-0.011625934392213822,"w":0.8322319984436035},"size":4.315813064575195,"orthographic":false}