{"cameraMode":{"drawMode":0,"name":"Shaded","section":"Shading Mode"},"sceneLighting":false,"audioPlay":false,"sceneViewState":{"m_AlwaysRefresh":false,"showFog":true,"showSkybox":false,"showFlares":true,"showImageEffects":true,"showParticleSystems":true,"showVisualEffectGraphs":true,"m_FxEnabled":true},"in2DMode":false,"pivot":{"x":-0.0052661895751953129,"y":-0.4494178593158722,"z":2.098116636276245},"rotation":{"x":0.2830374836921692,"y":-0.4003691077232361,"z":0.13151781260967256,"w":0.8615878820419312},"size":2.533825635910034,"orthographic":false}