{"cameraMode":{"drawMode":0,"name":"Shaded","section":"Shading Mode"},"sceneLighting":false,"audioPlay":false,"sceneViewState":{"m_AlwaysRefresh":false,"showFog":true,"showSkybox":false,"showFlares":true,"showImageEffects":true,"showParticleSystems":true,"showVisualEffectGraphs":true,"m_FxEnabled":true},"in2DMode":false,"pivot":{"x":-0.7966113090515137,"y":-0.5741627216339111,"z":-0.33238887786865237},"rotation":{"x":0.25373274087905886,"y":-0.31190332770347597,"z":0.08682575821876526,"w":0.9114810228347778},"size":2.700017213821411,"orthographic":false}