{"cameraMode":{"drawMode":0,"name":"Shaded","section":"Shading Mode"},"sceneLighting":false,"audioPlay":false,"sceneViewState":{"m_AlwaysRefresh":false,"showFog":true,"showSkybox":false,"showFlares":true,"showImageEffects":true,"showParticleSystems":true,"showVisualEffectGraphs":true,"m_FxEnabled":true},"in2DMode":false,"pivot":{"x":-0.12449625134468079,"y":3.4944005012512209,"z":-3.6655077934265138},"rotation":{"x":-0.0009277872741222382,"y":-0.9850982427597046,"z":0.17194925248622895,"w":-0.0053130947053432468},"size":4.716473579406738,"orthographic":false}