{"cameraMode":{"drawMode":0,"name":"Shaded","section":"Shading Mode"},"sceneLighting":false,"audioPlay":false,"sceneViewState":{"m_AlwaysRefresh":false,"showFog":true,"showSkybox":false,"showFlares":true,"showImageEffects":true,"showParticleSystems":true,"showVisualEffectGraphs":true,"m_FxEnabled":true},"in2DMode":false,"pivot":{"x":0.8630083799362183,"y":2.938899517059326,"z":-3.4178168773651125},"rotation":{"x":0.02044212445616722,"y":0.9780809879302979,"z":-0.17131797969341279,"w":0.11673976480960846},"size":0.3160226345062256,"orthographic":false}