{"cameraMode":{"drawMode":0,"name":"Shaded","section":"Shading Mode"},"sceneLighting":false,"audioPlay":false,"sceneViewState":{"m_AlwaysRefresh":false,"showFog":true,"showSkybox":false,"showFlares":true,"showImageEffects":true,"showParticleSystems":true,"showVisualEffectGraphs":true,"m_FxEnabled":true},"in2DMode":false,"pivot":{"x":0.40944796800613406,"y":0.0021111518144607546,"z":-0.2455039769411087},"rotation":{"x":0.366617351770401,"y":0.04882074147462845,"z":-0.019252929836511613,"w":0.9289304614067078},"size":0.3597277104854584,"orthographic":false}