{"cameraMode":{"drawMode":0,"name":"Shaded","section":"Shading Mode"},"sceneLighting":false,"audioPlay":false,"sceneViewState":{"m_AlwaysRefresh":false,"showFog":true,"showSkybox":false,"showFlares":true,"showImageEffects":true,"showParticleSystems":true,"showVisualEffectGraphs":true,"m_FxEnabled":true},"in2DMode":false,"pivot":{"x":3.2899999618530275,"y":8.88599967956543,"z":-13.850000381469727},"rotation":{"x":0.16735166311264039,"y":-0.20394498109817506,"z":0.035402096807956699,"w":0.9639377593994141},"size":0.9000169634819031,"orthographic":false}